dataset,projection_id,metric,rank,node_id,label,score
oulad_module_presentation,discipline_simple,degree,1,DDDD_2014J,DDD_2014J,0.6666666666666666
oulad_module_presentation,discipline_simple,degree,2,DFFF_2014J,FFF_2014J,0.6666666666666666
oulad_module_presentation,discipline_simple,degree,3,DCCC_2014B,CCC_2014B,0.5714285714285714
oulad_module_presentation,discipline_simple,degree,4,DCCC_2014J,CCC_2014J,0.5714285714285714
oulad_module_presentation,discipline_simple,degree,5,DDDD_2013J,DDD_2013J,0.5238095238095237
oulad_module_presentation,discipline_simple,degree,6,DDDD_2014B,DDD_2014B,0.5238095238095237
oulad_module_presentation,discipline_simple,degree,7,DEEE_2014J,EEE_2014J,0.5238095238095237
oulad_module_presentation,discipline_simple,degree,8,DFFF_2013J,FFF_2013J,0.5238095238095237
oulad_module_presentation,discipline_simple,degree,9,DFFF_2014B,FFF_2014B,0.5238095238095237
oulad_module_presentation,discipline_simple,degree,10,DDDD_2013B,DDD_2013B,0.47619047619047616
oulad_module_presentation,discipline_simple,betweenness,1,DFFF_2014B,FFF_2014B,0.11729803265517552
oulad_module_presentation,discipline_simple,betweenness,2,DDDD_2014J,DDD_2014J,0.11475657939943654
oulad_module_presentation,discipline_simple,betweenness,3,DFFF_2014J,FFF_2014J,0.10431440252868823
oulad_module_presentation,discipline_simple,betweenness,4,DFFF_2013J,FFF_2013J,0.10016994909852057
oulad_module_presentation,discipline_simple,betweenness,5,DBBB_2014J,BBB_2014J,0.0871655328798186
oulad_module_presentation,discipline_simple,betweenness,6,DGGG_2013J,GGG_2013J,0.07914696414696415
oulad_module_presentation,discipline_simple,betweenness,7,DDDD_2014B,DDD_2014B,0.04409628731057303
oulad_module_presentation,discipline_simple,betweenness,8,DBBB_2013B,BBB_2013B,0.04136489172203457
oulad_module_presentation,discipline_simple,betweenness,9,DDDD_2013J,DDD_2013J,0.0413392956250099
oulad_module_presentation,discipline_simple,betweenness,10,DBBB_2013J,BBB_2013J,0.040200989486703774
oulad_module_presentation,discipline_simple,eigenvector,1,DCCC_2014J,CCC_2014J,0.5638104613035242
oulad_module_presentation,discipline_simple,eigenvector,2,DCCC_2014B,CCC_2014B,0.419716625421617
oulad_module_presentation,discipline_simple,eigenvector,3,DDDD_2013J,DDD_2013J,0.33043785667111647
oulad_module_presentation,discipline_simple,eigenvector,4,DEEE_2013J,EEE_2013J,0.2845346152296222
oulad_module_presentation,discipline_simple,eigenvector,5,DEEE_2014B,EEE_2014B,0.2687560417574066
oulad_module_presentation,discipline_simple,eigenvector,6,DEEE_2014J,EEE_2014J,0.23064461466176048
oulad_module_presentation,discipline_simple,eigenvector,7,DFFF_2013J,FFF_2013J,0.20721559027504274
oulad_module_presentation,discipline_simple,eigenvector,8,DDDD_2014J,DDD_2014J,0.19520608725046018
oulad_module_presentation,discipline_simple,eigenvector,9,DDDD_2014B,DDD_2014B,0.18197090167257157
oulad_module_presentation,discipline_simple,eigenvector,10,DFFF_2014J,FFF_2014J,0.17655527979475685
